['abaca', 'abaci', 'aback', 'abaft', 'abaht', 'abaka', 'abamp', 'aband', 'abase', 'abash', 'abask', 'abate', 'abaya', 'abbot', 'abeam', 'abear', 'abeat', 'abele', 'abeng', 'abhor', 'abide', 'abjad', 'abjud', 'ablow', 'abmho', 'abode', 'abohm', 'aboil', 'aboma', 'aboon', 'abord', 'abore', 'aborn', 'abort', 'about', 'above', 'absit', 'abuna', 'abune', 'abura', 'aburn', 'abuse', 'abuzz', 'abysm', 'acara', 'acari', 'accha', 'accoy', 'accra', 'acedy', 'acene', 'acerb', 'aceta', 'achar', 'achoo', 'acidy', 'acing', 'acini', 'acmic', 'acock', 'acold', 'acone', 'acorn', 'actin', 'acton', 'actor', 'acute', 'adage', 'adapt', 'adawn', 'adbot', 'addax', 'addin', 'addio', 'addle', 'addra', 'adead', 'adept', 'adhan', 'adhoc', 'adlib', 'adman', 'admin', 'admit', 'admix', 'adobe', 'adobo', 'adoon', 'adopt', 'adorb', 'adore', 'adorn', 'adown', 'adoze', 'adsum', 'aduki', 'adult', 'adunc', 'adust', 'adyta', 'aecia', 'aesir', 'aevum', 'afald', 'afanc', 'afara', 'afear', 'affix', 'affly', 'afion', 'afire', 'afizz', 'aflaj', 'aflap', 'aflow', 'afoam', 'afoot', 'afore', 'afoul', 'again', 'agama', 'agami', 'agamy', 'agape', 'agasp', 'agast', 'agate', 'agaty', 'agave', 'agaze', 'agene', 'agent', 'aggag', 'aggie', 'aggri', 'aggro', 'aggry', 'agidi', 'agila', 'agile', 'aging', 'agism', 'agist', 'agita', 'agloo', 'aglow', 'agoge', 'agogo', 'agone', 'agony', 'agood', 'agora', 'aguna', 'agush', 'aguti', 'ahead', 'aheap', 'ahent', 'ahigh', 'ahind', 'ahing', 'ahint', 'ahold', 'ahole', 'ahull', 'ahuru', 'aidoi', 'aiery', 'aight', 'aimag', 'aimak', 'ainga', 'aioli', 'aisle', 'aitch', 'aiyah', 'aiyoh', 'aiyoo', 'aizle', 'ajiva', 'ajuga', 'ajupa', 'ajwan', 'akara', 'akela', 'akene', 'aking', 'akita', 'akoia', 'akoja', 'akoya', 'alaap', 'alack', 'alala', 'alamo', 'aland', 'alane', 'alang', 'alant', 'alapa', 'alarm', 'alary', 'alata', 'alate', 'albid', 'album', 'alcid', 'aldol', 'aleak', 'aleck', 'aleft', 'aleph', 'alert', 'aleye', 'algae', 'algal', 'algid', 'algin', 'algor', 'algum', 'alibi', 'alick', 'align', 'alike', 'aline', 'alist', 'alive', 'aliya', 'alkie', 'alkin', 'alkyd', 'alkyl', 'allan', 'allay', 'allin', 'allod', 'allot', 'allow', 'alloy', 'allyl', 'almah', 'almud', 'almug', 'aloft', 'aloha', 'aloin', 'alone', 'along', 'aloof', 'alose', 'aloud', 'alowe', 'alpha', 'altar', 'altho', 'alula', 'alumy', 'alure', 'alurk', 'alvar', 'alway', 'amain', 'amari', 'amaro', 'amate', 'amaut', 'amaze', 'amban', 'ambit', 'amble', 'ambry', 'ameba', 'amend', 'amene', 'ament', 'amice', 'amici', 'amide', 'amido', 'amiga', 'amigo', 'amine', 'amino', 'amity', 'amman', 'ammon', 'amnia', 'amnic', 'amnio', 'amole', 'among', 'amore', 'amort', 'amour', 'amove', 'amowt', 'ample', 'amply', 'ampul', 'amuck', 'amuse', 'anana', 'anata', 'ancho', 'ancle', 'ancon', 'andic', 'andro', 'anear', 'anele', 'anent', 'angle', 'anglo', 'angry', 'angst', 'anigh', 'anile', 'anima', 'anime', 'animi', 'anion', 'anise', 'ankle', 'annal', 'annan', 'annat', 'annoy', 'annul', 'annum', 'anode', 'anole', 'anomy', 'ansae', 'antae', 'antar', 'antic', 'antra', 'antre', 'antsy', 'anura', 'anvil', 'anyon', 'apace', 'apage', 'apaid', 'apart', 'apayd', 'apeak', 'apert', 'apery', 'apgar', 'aphid', 'apian', 'aping', 'apiol', 'apish', 'apism', 'apode', 'apoop', 'aport', 'appal', 'appam', 'appay', 'apple', 'apply', 'appro', 'appui', 'appuy', 'aptly', 'aquae', 'araba', 'arame', 'arbah', 'arbor', 'archi', 'ardor', 'ardri', 'aread', 'areae', 'areal', 'arear', 'areca', 'aredd', 'arede', 'arefy', 'areic', 'arena', 'arene', 'arepa', 'arere', 'arete', 'arett', 'argal', 'argan', 'argil', 'argle', 'argol', 'argon', 'argot', 'argue', 'arhat', 'ariki', 'ariot', 'arise', 'arish', 'arith', 'armil', 'armor', 'arnut', 'aroba', 'aroha', 'aroid', 'aroma', 'arose', 'arson', 'artal', 'artic', 'artly', 'artsy', 'aruhe', 'arval', 'asada', 'asana', 'ascon', 'ascot', 'asdic', 'aside', 'asity', 'askar', 'askoi', 'aspic', 'aspie', 'aspro', 'assai', 'assam', 'assay', 'assot', 'astir', 'astun', 'asura', 'asway', 'aswim', 'asyla', 'ataxy', 'atigi', 'atilt', 'atimy', 'atman', 'atoke', 'atoll', 'atomy', 'atone', 'atony', 'atopy', 'attap', 'attar', 'attic', 'aucht', 'audad', 'audax', 'audio', 'audit', 'aught', 'augur', 'aulic', 'auloi', 'aumil', 'aunty', 'auxin', 'avail', 'avale', 'avant', 'avast', 'avert', 'avian', 'avine', 'avion', 'avise', 'aviso', 'avize', 'avoid', 'avyze', 'await', 'awake', 'award', 'aware', 'awari', 'awarn', 'awash', 'awato', 'awave', 'aweto', 'awful', 'awing', 'awkin', 'awmry', 'awoke', 'awork', 'axial', 'axile', 'axing', 'axiom', 'axion', 'axite', 'axman', 'axoid', 'axone', 'ayaya', 'ayelp', 'aygre', 'aymag', 'ayont', 'azide', 'azido', 'azine', 'azlon', 'azoic', 'azole', 'azote', 'azoth', 'azuki', 'azure', 'azurn', 'azury', 'azygy', 'azyme', 'bball', 'beach', 'beady', 'beaky', 'beamy', 'beano', 'beany', 'beard', 'beare', 'beast', 'beath', 'beaty', 'beaut', 'beaux', 'bebop', 'becap', 'becke', 'bedad', 'bedim', 'bedye', 'beech', 'beedi', 'beefy', 'beery', 'befit', 'befog', 'begad', 'began', 'begar', 'begat', 'begin', 'begob', 'begot', 'begum', 'begun', 'beige', 'beigy', 'being', 'beira', 'beisa', 'bekah', 'belah', 'belar', 'belay', 'belch', 'belga', 'belie', 'belit', 'belle', 'belli', 'bello', 'belly', 'belon', 'below', 'belve', 'bemad', 'bemix', 'bemud', 'bench', 'bendy', 'benga', 'benji', 'benne', 'benni', 'benny', 'bento', 'benty', 'bepat', 'besat', 'besaw', 'besit', 'besom', 'besot', 'besti', 'betid', 'beton', 'betta', 'betty', 'bevan', 'bevor', 'bevue', 'bevvy', 'bewdy', 'bewig', 'bezil', 'bezzy', 'bhaji', 'bhang', 'bhava', 'bhuna', 'biach', 'biali', 'bialy', 'bible', 'bield', 'bigae', 'bigha', 'bikie', 'bilal', 'bilat', 'bilge', 'bimah', 'binal', 'binge', 'biome', 'biose', 'biota', 'bipod', 'bippy', 'bisom', 'bison', 'bitsy', 'bitte', 'bivia', 'black', 'blade', 'blady', 'blaff', 'blain', 'blame', 'blanc', 'bland', 'blank', 'blare', 'blart', 'blase', 'blash', 'blast', 'blate', 'blatt', 'blaud', 'blawn', 'blaze', 'bleah', 'bleak', 'blear', 'bleat', 'blech', 'blend', 'blent', 'blert', 'blest', 'blimp', 'blist', 'blite', 'blive', 'bloat', 'bloke', 'bloop', 'blore', 'blude', 'blume', 'blush', 'blype', 'board', 'boart', 'boast', 'boaty', 'bobac', 'bobak', 'bocca', 'bocce', 'boche', 'bodge', 'bodle', 'boeti', 'boeuf', 'bogan', 'bogie', 'bogle', 'bogue', 'boite', 'bolar', 'bombe', 'bonce', 'bonie', 'bonne', 'bonza', 'bonze', 'booai', 'booay', 'boose', 'boost', 'booze', 'boppy', 'bosie', 'bosky', 'bosom', 'boson', 'bossa', 'bossy', 'bosun', 'botte', 'bouge', 'boule', 'bouse', 'bousy', 'bowat', 'bowie', 'bowne', 'bowse', 'boxla', 'boyar', 'boyau', 'boyla', 'boysy', 'braai', 'brace', 'brach', 'brack', 'bract', 'braid', 'brail', 'brain', 'brake', 'braky', 'brame', 'brand', 'brane', 'brank', 'brant', 'brash', 'brast', 'brava', 'brave', 'bravi', 'bravo', 'brawl', 'brawn', 'braxy', 'braza', 'braze', 'bread', 'break', 'bream', 'brede', 'breid', 'breme', 'brent', 'brere', 'breve', 'briar', 'bribe', 'bride', 'brine', 'brise', 'brisk', 'brize', 'broad', 'broke', 'brome', 'brose', 'brosy', 'bruja', 'brule', 'brume', 'brush', 'brusk', 'brust', 'brute', 'buaze', 'bubal', 'bubba', 'bubbe', 'budge', 'buena', 'buffa', 'buffe', 'bugan', 'bugle', 'buist', 'bulge', 'bulla', 'bulse', 'bumph', 'bumpy', 'bunce', 'bunde', 'bunia', 'bunje', 'bunya', 'buppy', 'busby', 'bushy', 'busky', 'bussu', 'busti', 'busty', 'butle', 'butte', 'bwana', 'bwazi', 'bylaw', 'byssi', 'byway', 'cease', 'ceaze', 'cebid', 'cecal', 'cecum', 'cedar', 'ceiba', 'ceili', 'cella', 'celli', 'cello', 'celly', 'celom', 'cense', 'cento', 'centu', 'ceorl', 'cesse', 'cesta', 'cesti', 'cetyl', 'cezve', 'chaap', 'chaat', 'chace', 'chack', 'chaco', 'chado', 'chafe', 'chaff', 'chaft', 'chain', 'chair', 'chalk', 'champ', 'chana', 'chang', 'chank', 'chant', 'chape', 'chapt', 'chara', 'chard', 'chare', 'chark', 'charm', 'charr', 'chart', 'chary', 'chase', 'chasm', 'chava', 'chave', 'chawk', 'chawl', 'chaya', 'cheap', 'cheat', 'cheba', 'check', 'chedi', 'cheka', 'chela', 'chelp', 'chemo', 'chere', 'chert', 'chest', 'cheth', 'chevy', 'chewy', 'chiao', 'chiba', 'chica', 'chide', 'chile', 'chime', 'chimp', 'china', 'chine', 'chirp', 'chiva', 'chive', 'chode', 'choke', 'chola', 'chomp', 'chore', 'chose', 'chota', 'chufa', 'chump', 'chuse', 'chute', 'chyle', 'chyme', 'cigar', 'cilia', 'cimar', 'cippi', 'cisco', 'cissy', 'cital', 'civie', 'clach', 'clack', 'clade', 'claim', 'clair', 'clame', 'clamp', 'clang', 'clank', 'clapt', 'claro', 'clart', 'clary', 'clash', 'clasp', 'clast', 'claut', 'clave', 'clavi', 'clean', 'clear', 'cleat', 'cleck', 'cleft', 'cleik', 'clepe', 'clept', 'clerk', 'cleve', 'clime', 'cline', 'clipe', 'clipt', 'cloak', 'cloam', 'cloke', 'clomp', 'clone', 'cloop', 'close', 'clote', 'clove', 'cloye', 'cloze', 'clump', 'clype', 'cnida', 'coach', 'coact', 'coady', 'coala', 'coaly', 'coapt', 'coarb', 'coast', 'coate', 'coati', 'cobia', 'coble', 'cobra', 'cobza', 'cocoa', 'cogie', 'cogue', 'cohab', 'cohoe', 'colle', 'colza', 'comae', 'comal', 'combe', 'comma', 'comme', 'compo', 'compt', 'comte', 'conga', 'conge', 'conia', 'conne', 'conte', 'coopt', 'coost', 'cooze', 'copal', 'copay', 'copha', 'coppy', 'copra', 'copse', 'copsy', 'cosie', 'costa', 'coste', 'cotan', 'cotta', 'coude', 'coupe', 'coure', 'couta', 'cowal', 'cowan', 'coxae', 'coxal', 'coyau', 'coypu', 'cozie', 'craal', 'crack', 'craft', 'craic', 'craig', 'crake', 'crame', 'cramp', 'crane', 'crank', 'crape', 'crapy', 'crare', 'crash', 'crate', 'crave', 'crawl', 'craze', 'crazy', 'creak', 'cream', 'credo', 'crein', 'crema', 'creme', 'crena', 'crepe', 'crept', 'crepy', 'crest', 'crewe', 'crime', 'crimp', 'crine', 'cripe', 'crise', 'crisp', 'croak', 'crome', 'crone', 'crore', 'crost', 'croup', 'croze', 'crude', 'crump', 'crura', 'cruse', 'crush', 'crust', 'crusy', 'cruve', 'cryne', 'crypt', 'ctene', 'cudda', 'cueca', 'cuish', 'culpa', 'cupid', 'cuppa', 'cuppy', 'cupro', 'cushy', 'cuspy', 'cusso', 'cusum', 'cutie', 'cutup', 'cyano', 'cycad', 'cycle', 'cymae', 'cymar', 'deair', 'dealt', 'deare', 'dearn', 'deary', 'deash', 'death', 'deave', 'deawy', 'debag', 'debar', 'debby', 'debit', 'debud', 'debug', 'debur', 'debut', 'debye', 'decad', 'decaf', 'decal', 'decan', 'decay', 'decim', 'decko', 'decor', 'decoy', 'decry', 'decyl', 'dedal', 'deedy', 'deely', 'deere', 'deeve', 'defat', 'deffo', 'defog', 'degum', 'deice', 'deify', 'deign', 'deink', 'deism', 'deist', 'deity', 'dekko', 'delay', 'delft', 'della', 'delly', 'delph', 'delta', 'delve', 'deman', 'demic', 'demit', 'demob', 'demoi', 'demon', 'demot', 'dempt', 'demur', 'denar', 'denay', 'dench', 'denim', 'dense', 'dente', 'deoch', 'deoxy', 'depot', 'depth', 'deshi', 'desse', 'detag', 'detox', 'deuce', 'devil', 'devon', 'devot', 'dewan', 'dewar', 'dewax', 'dexie', 'dhaba', 'dhole', 'diact', 'diana', 'diane', 'diary', 'diazo', 'dicta', 'didie', 'didst', 'diene', 'dinar', 'dinge', 'dinna', 'diode', 'diota', 'dippy', 'dipso', 'disci', 'disco', 'dishy', 'disme', 'dital', 'ditsy', 'divan', 'divna', 'diwan', 'dixie', 'dobie', 'dobla', 'doble', 'dobra', 'dodge', 'doest', 'doeth', 'dogal', 'dogan', 'dogie', 'dogma', 'dolce', 'dolia', 'dolie', 'dolma', 'domal', 'donah', 'donga', 'donna', 'donne', 'donsy', 'dooce', 'doole', 'doona', 'doppe', 'dosai', 'dosha', 'dotal', 'douar', 'douce', 'doula', 'douma', 'doura', 'douse', 'dovie', 'dowak', 'dowar', 'dowie', 'dowle', 'downa', 'dowse', 'doxie', 'drack', 'draco', 'draff', 'draft', 'drail', 'drain', 'drake', 'drama', 'drank', 'drant', 'drape', 'drapy', 'drave', 'drawl', 'drawn', 'dread', 'dream', 'drear', 'dreck', 'drent', 'drere', 'drest', 'drice', 'dript', 'drive', 'droke', 'drole', 'drome', 'drone', 'droop', 'dropt', 'drove', 'drupe', 'druse', 'drusy', 'dryad', 'dsobo', 'dsomo', 'ducal', 'ducat', 'duett', 'dukka', 'dulce', 'dulia', 'dulse', 'dumka', 'dumpy', 'dunam', 'dunce', 'dunsh', 'duple', 'duply', 'duppy', 'dusky', 'dusty', 'dwaal', 'dwale', 'dwalm', 'dwamy', 'dwang', 'dwarf', 'dwaum', 'dwell', 'dwelt', 'dwile', 'dwine', 'ebank', 'ebena', 'ebene', 'ebike', 'ebony', 'ebook', 'ecard', 'ecash', 'eclat', 'ecole', 'edema', 'edict', 'edify', 'edile', 'educe', 'educt', 'eejit', 'eensy', 'egest', 'eggar', 'ehing', 'eight', 'eigne', 'eikon', 'eject', 'ejido', 'ekdam', 'eking', 'elain', 'eland', 'elate', 'elbow', 'elchi', 'eldin', 'elect', 'elegy', 'elemi', 'elfin', 'eliad', 'elide', 'elint', 'elite', 'eloge', 'elogy', 'eloin', 'elope', 'elsin', 'elude', 'elute', 'elvan', 'email', 'embar', 'embay', 'embog', 'embow', 'embox', 'emend', 'emerg', 'emery', 'emoji', 'emong', 'emote', 'emove', 'empty', 'emule', 'emure', 'emyde', 'enact', 'enarm', 'enate', 'endow', 'endue', 'enema', 'enemy', 'enfix', 'eniac', 'enjoy', 'enlit', 'ennog', 'ennui', 'enoki', 'enorm', 'ensky', 'ensue', 'entia', 'entre', 'entry', 'enure', 'enurn', 'envoi', 'envoy', 'enzym', 'eolid', 'eosin', 'epact', 'epena', 'epene', 'ephah', 'ephod', 'ephor', 'epoch', 'epode', 'epopt', 'epoxy', 'eppie', 'equal', 'equid', 'equip', 'erase', 'erbia', 'erect', 'ergon', 'ergot', 'erica', 'erick', 'ering', 'erode', 'erose', 'eruct', 'erugo', 'erupt', 'ervil', 'escar', 'escot', 'esile', 'eskar', 'essay', 'estoc', 'estop', 'estro', 'etage', 'etape', 'ethal', 'ethic', 'ethne', 'ethyl', 'ettin', 'ettle', 'etude', 'etyma', 'eupad', 'eusol', 'evade', 'event', 'evert', 'every', 'evhoe', 'evict', 'evite', 'evohe', 'evoke', 'ewest', 'ewhow', 'exact', 'exalt', 'exeat', 'exeme', 'exert', 'exfil', 'exile', 'exine', 'exing', 'exist', 'exite', 'exode', 'exome', 'expat', 'extol', 'extra', 'exude', 'exult', 'exurb', 'eying', 'ezine', 'feard', 'feare', 'feart', 'fease', 'feast', 'feaze', 'fecal', 'fecht', 'fecit', 'fedai', 'feely', 'feese', 'feeze', 'fehme', 'feign', 'feint', 'feist', 'felch', 'felid', 'felix', 'fella', 'felly', 'felon', 'felty', 'femal', 'femic', 'femme', 'femmy', 'femur', 'fence', 'fendy', 'fenny', 'feoff', 'fesse', 'festa', 'festy', 'fetal', 'fetch', 'fetid', 'fetor', 'fetta', 'fetwa', 'feuar', 'feyly', 'fezzy', 'fibre', 'fiche', 'ficta', 'fidge', 'field', 'fiend', 'fient', 'fiere', 'fieri', 'fiery', 'fiest', 'filar', 'fille', 'final', 'finca', 'fique', 'fisho', 'fishy', 'fisty', 'fitna', 'fitte', 'fixie', 'fjeld', 'flack', 'flaff', 'flail', 'flair', 'flake', 'flaky', 'flame', 'flamm', 'flamy', 'flane', 'flank', 'flare', 'flary', 'flash', 'flask', 'flava', 'flawn', 'flawy', 'flaxy', 'fleam', 'fleck', 'fleme', 'flesh', 'fleur', 'flexi', 'flexo', 'flimp', 'flisk', 'flite', 'float', 'flora', 'flore', 'flosh', 'flota', 'flote', 'fluke', 'flume', 'flump', 'flush', 'flute', 'flype', 'flyte', 'fnarr', 'foamy', 'focal', 'foehn', 'fogie', 'fogle', 'foist', 'folia', 'folie', 'fonda', 'fossa', 'fosse', 'fouat', 'foule', 'foxie', 'foyle', 'foyne', 'frack', 'fract', 'frail', 'fraim', 'frame', 'franc', 'frank', 'frape', 'frate', 'frati', 'fraud', 'freak', 'freit', 'fremd', 'frena', 'freon', 'frere', 'fresh', 'friar', 'frise', 'frisk', 'frist', 'frita', 'frite', 'frize', 'frore', 'frosh', 'frost', 'froze', 'frump', 'frush', 'frust', 'fubar', 'fubsy', 'fudge', 'fuero', 'fugal', 'fugie', 'fugle', 'fugue', 'fulla', 'fulwa', 'funda', 'funsy', 'fusil', 'fussy', 'fusty', 'fytte', 'geare', 'geasa', 'gebur', 'gecko', 'geeky', 'geese', 'geest', 'geist', 'gelid', 'gelly', 'gemma', 'gemmy', 'gemot', 'genae', 'genal', 'genic', 'genie', 'genii', 'genin', 'genio', 'genip', 'genny', 'genoa', 'genom', 'genre', 'genro', 'genty', 'genua', 'geode', 'geoid', 'gesse', 'gesso', 'geste', 'getup', 'geyan', 'ghast', 'ghaut', 'ghazi', 'ghest', 'ghost', 'ghusl', 'giant', 'gighe', 'gigue', 'gilia', 'gilpy', 'gimme', 'gimpy', 'ginga', 'ginge', 'gipon', 'gippo', 'gippy', 'gipsy', 'gismo', 'giust', 'glace', 'glade', 'glady', 'glaik', 'glair', 'glamp', 'gland', 'glare', 'glary', 'glatt', 'glaum', 'glaur', 'glaze', 'glazy', 'gleam', 'glean', 'gleba', 'glebe', 'gleby', 'glede', 'glent', 'glial', 'glide', 'glike', 'glime', 'glisk', 'gloam', 'gloat', 'globe', 'glode', 'gloop', 'glost', 'glove', 'gloze', 'glume', 'glute', 'glyph', 'gnapi', 'gnarl', 'gnarr', 'gnash', 'gnawn', 'gnome', 'goaft', 'goary', 'goaty', 'goave', 'goban', 'gobar', 'gobbe', 'godso', 'goest', 'goeth', 'goety', 'gogga', 'golpe', 'gompa', 'gonad', 'gonia', 'gonna', 'goopy', 'goose', 'goosy', 'gopak', 'gopik', 'gosht', 'gosse', 'gotta', 'gouge', 'goura', 'gowan', 'goyle', 'graal', 'grace', 'grade', 'graff', 'graft', 'grail', 'grain', 'graip', 'grama', 'grame', 'gramp', 'grana', 'grand', 'grano', 'grant', 'grape', 'graph', 'grapy', 'grasp', 'grata', 'grate', 'grave', 'gravy', 'graze', 'great', 'grebe', 'grebo', 'grece', 'grege', 'grego', 'grein', 'grese', 'greve', 'grice', 'gride', 'grike', 'grime', 'gripe', 'gript', 'gripy', 'grise', 'grist', 'grisy', 'grize', 'groan', 'groat', 'groma', 'grone', 'grope', 'grosz', 'group', 'grove', 'grufe', 'grume', 'grump', 'gryce', 'gryde', 'gryke', 'grype', 'grypt', 'guaco', 'guana', 'guano', 'guard', 'guava', 'gubba', 'guest', 'guide', 'guile', 'guimp', 'guise', 'gulab', 'gulag', 'gular', 'gulph', 'gulpy', 'gumma', 'gunge', 'guppy', 'gushy', 'gusla', 'gusle', 'gusli', 'gussy', 'gusto', 'gusty', 'gutsy', 'gutta', 'guyle', 'guyse', 'gwine', 'gyeld', 'gynae', 'gynie', 'gyoza', 'gyppo', 'gyppy', 'gypsy', 'heady', 'heald', 'heame', 'heapy', 'heard', 'heare', 'heart', 'heast', 'heath', 'heaty', 'heave', 'heavy', 'hecht', 'hedge', 'hedgy', 'heedy', 'heeze', 'hefte', 'hefty', 'heiau', 'heigh', 'heist', 'hejab', 'hejra', 'helio', 'helix', 'hella', 'hello', 'helly', 'helot', 'helve', 'hemal', 'hemic', 'hemin', 'hempy', 'hence', 'hench', 'henge', 'henna', 'henny', 'henry', 'hepar', 'heuch', 'heugh', 'hewgh', 'hexad', 'hexyl', 'hiant', 'hijab', 'hijra', 'hilar', 'hilsa', 'hinau', 'hinge', 'hiply', 'hippo', 'hippy', 'hissy', 'hithe', 'hoach', 'hoagy', 'hoard', 'hoary', 'hoast', 'hodad', 'hodja', 'hogan', 'hoise', 'hoist', 'holla', 'holme', 'homie', 'homme', 'honan', 'honda', 'hooha', 'hooka', 'hoosh', 'hoove', 'hopak', 'hoppy', 'hosta', 'hotte', 'house', 'howay', 'howbe', 'howre', 'howso', 'hoyle', 'hubba', 'hudna', 'human', 'humph', 'humpy', 'hushy', 'husky', 'hussy', 'hutia', 'huzza', 'hydra', 'hyena', 'hygge', 'hynde', 'hypha', 'hyphy', 'hyson', 'hythe', 'ickle', 'ictal', 'idant', 'iddah', 'iddat', 'ideal', 'ident', 'idola', 'iftar', 'igapo', 'ileac', 'ileal', 'ileum', 'iliac', 'iliad', 'ilial', 'image', 'imago', 'imagy', 'imari', 'imaum', 'imbar', 'imbue', 'imide', 'imine', 'imply', 'impot', 'impro', 'imshi', 'imshy', 'inane', 'inapt', 'inarm', 'inbye', 'incle', 'india', 'indie', 'indue', 'inept', 'inerm', 'inert', 'infra', 'ingan', 'ingle', 'inkle', 'inlay', 'innie', 'input', 'inspo', 'intra', 'inula', 'inure', 'inust', 'invar', 'ippon', 'irade', 'irate', 'irone', 'isnae', 'issue', 'istle', 'ixnay', 'ixora', 'ixtle', 'izard', 'izzat', 'jeely', 'jeera', 'jeeze', 'jehad', 'jelab', 'jello', 'jelly', 'jembe', 'jemmy', 'jenny', 'jesse', 'jessy', 'jeton', 'jetty', 'jeune', 'jewie', 'jhala', 'jibba', 'jihad', 'jimpy', 'jinne', 'jnana', 'joist', 'jolie', 'joual', 'joule', 'joust', 'jowar', 'judge', 'jugal', 'juice', 'julia', 'jumar', 'jumpy', 'junta', 'jupon', 'juste', 'juvie', 'keaki', 'kebab', 'kebar', 'kebob', 'kedge', 'kedgy', 'keech', 'keema', 'keeno', 'keeve', 'kefir', 'kehua', 'kelim', 'kelly', 'kelpy', 'kelty', 'kembo', 'kempt', 'kempy', 'kenaf', 'kench', 'kendo', 'kente', 'kesar', 'ketch', 'ketol', 'kevil', 'khadi', 'khaki', 'khana', 'khaph', 'khaya', 'khazi', 'kheda', 'kheth', 'khoja', 'khula', 'khyal', 'kiaat', 'kiack', 'kiaki', 'kiang', 'kiasu', 'kibbe', 'kibla', 'kidge', 'kieve', 'kikay', 'kinda', 'kiore', 'kiosk', 'kipah', 'kippa', 'kipsy', 'kisan', 'kissy', 'kitab', 'kithe', 'kitke', 'klang', 'klett', 'kluge', 'knack', 'knarl', 'knaur', 'knave', 'knawe', 'knead', 'knell', 'knelt', 'knife', 'knish', 'knive', 'knoop', 'knosp', 'knowe', 'knule', 'koala', 'koban', 'kofta', 'kogal', 'koine', 'kokam', 'kokra', 'kopje', 'koppa', 'koura', 'kraal', 'kraft', 'krait', 'krang', 'kranz', 'kraut', 'kreng', 'krewe', 'krona', 'krone', 'krump', 'kubie', 'kulak', 'kulan', 'kusso', 'kusti', 'kutai', 'kvell', 'kwaai', 'kwela', 'kyack', 'kyang', 'kydst', 'kylie', 'kyloe', 'kynde', 'kythe', 'leach', 'leady', 'leafy', 'leaky', 'leant', 'leany', 'leapt', 'leare', 'learn', 'leary', 'lease', 'leash', 'least', 'leave', 'leavy', 'leaze', 'leccy', 'leche', 'ledge', 'ledgy', 'ledum', 'leear', 'leech', 'leery', 'leese', 'leeze', 'lefte', 'lefty', 'legal', 'legge', 'leggo', 'leggy', 'legit', 'legno', 'lehua', 'leish', 'leman', 'lemma', 'lemme', 'lemon', 'lemur', 'lense', 'lenti', 'lento', 'leone', 'lepak', 'lepid', 'lepra', 'lepta', 'lesbo', 'letch', 'lethe', 'letty', 'letup', 'leuch', 'leuco', 'leugh', 'levin', 'lezza', 'lezzo', 'lezzy', 'liana', 'liane', 'liang', 'liard', 'liart', 'libra', 'libre', 'lidar', 'liege', 'lieve', 'ligan', 'ligge', 'ligne', 'lilac', 'liman', 'limax', 'limba', 'limma', 'limpa', 'linac', 'linga', 'lipid', 'lipin', 'lippy', 'lisle', 'litai', 'lithe', 'litie', 'litre', 'livre', 'liwaa', 'llama', 'llano', 'loach', 'loamy', 'loast', 'loath', 'loave', 'lobar', 'local', 'loche', 'locie', 'lodge', 'logan', 'logia', 'logie', 'lohan', 'loipe', 'longa', 'longe', 'loofa', 'looie', 'loopy', 'loose', 'loppy', 'lossy', 'lotah', 'lotsa', 'lotta', 'lotte', 'louie', 'louma', 'loupe', 'loure', 'louse', 'lousy', 'lovat', 'lovie', 'lowan', 'lowne', 'lowse', 'loyal', 'luach', 'lubra', 'lucre', 'luffa', 'lumme', 'lumpy', 'lunar', 'lunge', 'lupin', 'lushy', 'lusty', 'lyard', 'lyart', 'lyase', 'lycra', 'lymph', 'lysin', 'lysol', 'lyssa', 'lythe', 'lytta', 'mbari', 'mbila', 'mbira', 'mbube', 'mbuga', 'meake', 'mealy', 'meane', 'meant', 'meany', 'meare', 'mease', 'meath', 'meaty', 'mebbe', 'mecca', 'mecha', 'mecum', 'medal', 'media', 'medic', 'medii', 'medin', 'medle', 'meech', 'meeja', 'meiko', 'meint', 'meiny', 'meism', 'meith', 'mekka', 'melam', 'melba', 'melch', 'melic', 'melik', 'meloe', 'melon', 'melty', 'memic', 'menad', 'mence', 'menge', 'menil', 'mensa', 'mense', 'mensh', 'menta', 'mento', 'mesad', 'mesal', 'mesca', 'meshy', 'mesia', 'mesic', 'mesne', 'meson', 'messy', 'mesto', 'mesyl', 'metal', 'methi', 'metho', 'methy', 'metic', 'metif', 'metol', 'metre', 'metro', 'metta', 'meuse', 'meynt', 'mezza', 'mezze', 'mezzo', 'miaou', 'miaow', 'miasm', 'miaul', 'miche', 'micra', 'midge', 'midst', 'mieux', 'mieve', 'migma', 'mikan', 'mikra', 'mikva', 'milia', 'mille', 'milpa', 'mimsy', 'minae', 'minar', 'mince', 'minge', 'minke', 'minse', 'misal', 'misch', 'misdo', 'misgo', 'misky', 'missa', 'missy', 'misto', 'misty', 'mitie', 'mitre', 'mitta', 'mixie', 'mixte', 'mixup', 'mmkay', 'mneme', 'moaky', 'moana', 'moany', 'mobie', 'moble', 'mocap', 'mocha', 'modal', 'modge', 'moeni', 'mogar', 'mogra', 'mogue', 'mohar', 'mohua', 'moile', 'moira', 'moire', 'moist', 'molal', 'molar', 'molie', 'molla', 'molle', 'molue', 'momie', 'momma', 'momme', 'mompe', 'monad', 'monal', 'monde', 'monie', 'monpe', 'monte', 'moola', 'moose', 'moove', 'moppy', 'mopsy', 'mosso', 'mossy', 'moste', 'mosto', 'motte', 'motza', 'moule', 'mouse', 'moust', 'mousy', 'movie', 'mowie', 'mowra', 'moxie', 'moyle', 'msasa', 'mtepe', 'mudar', 'mudge', 'mudra', 'mugga', 'muist', 'mulai', 'mulga', 'mulie', 'mulla', 'mulse', 'mulsh', 'mumph', 'mumsy', 'munga', 'munge', 'munia', 'munja', 'musar', 'musca', 'musha', 'mushy', 'music', 'musit', 'musky', 'musse', 'mussy', 'musta', 'musth', 'musty', 'mutha', 'muvva', 'muzak', 'mvula', 'mvule', 'myall', 'mylar', 'mynah', 'myoma', 'myope', 'myopy', 'mysid', 'mysie', 'nduja', 'neafe', 'neant', 'neath', 'neato', 'nebby', 'neche', 'neddy', 'needy', 'neeld', 'neele', 'neemb', 'neese', 'neeze', 'nefie', 'negri', 'negro', 'neigh', 'neist', 'neive', 'nelia', 'nelly', 'nemic', 'nempt', 'nenta', 'neosa', 'neoza', 'nepit', 'neski', 'nesty', 'netop', 'netta', 'netty', 'neume', 'nevvy', 'newie', 'newly', 'newsy', 'nexal', 'nexin', 'nexum', 'ngaio', 'ngaka', 'ngana', 'ngapi', 'ngati', 'ngege', 'ngoma', 'nicad', 'niche', 'nidal', 'niece', 'nieve', 'nifle', 'nigga', 'nigre', 'nigua', 'nikab', 'nikah', 'nikau', 'ninja', 'ninta', 'niopo', 'nioza', 'nippy', 'niqab', 'nisin', 'nisse', 'nital', 'nitre', 'nitta', 'nival', 'nixie', 'nizam', 'nkosi', 'noble', 'nodal', 'noema', 'noeme', 'nogal', 'noire', 'noise', 'noisy', 'nolle', 'nomad', 'nonan', 'nonce', 'nonda', 'nonna', 'noone', 'noose', 'noove', 'nopal', 'noshi', 'nosir', 'notal', 'notam', 'nouja', 'noule', 'noust', 'novae', 'novia', 'noway', 'noxal', 'noyau', 'nrtta', 'nrtya', 'nsima', 'nubia', 'nucha', 'nudge', 'nudie', 'nuevo', 'nugae', 'nulla', 'nuque', 'nutso', 'nutsy', 'nyaff', 'nyala', 'nymph', 'nyssa', 'nyuse', 'nyuze', 'obang', 'obeah', 'obeli', 'obese', 'obole', 'occam', 'ocean', 'ochre', 'ocote', 'octad', 'octal', 'octan', 'odeon', 'odeum', 'odism', 'odist', 'odyle', 'offal', 'offie', 'oflag', 'ogham', 'ogive', 'ohelo', 'ohone', 'oidia', 'ojime', 'okapi', 'okole', 'olate', 'oldie', 'oleic', 'olein', 'olent', 'oleum', 'oleyl', 'oliva', 'olive', 'ollav', 'ollie', 'olona', 'olpae', 'omasa', 'ombre', 'omdah', 'omdda', 'omega', 'omiai', 'omlah', 'onely', 'onery', 'onlap', 'onlay', 'ontal', 'oojah', 'oomph', 'oopak', 'oopsy', 'ooyah', 'oozie', 'oozle', 'opepe', 'opera', 'opery', 'opgaf', 'opihi', 'opine', 'oping', 'opium', 'opsat', 'opsin', 'opsit', 'optic', 'opzit', 'orach', 'oracy', 'orang', 'orant', 'orate', 'orbat', 'ordie', 'oread', 'organ', 'orgia', 'orgue', 'orixa', 'orlop', 'orpin', 'orval', 'oscar', 'osetr', 'oshac', 'oskin', 'oslin', 'osmic', 'osmol', 'osone', 'ossia', 'ostia', 'otaku', 'otary', 'ottar', 'ouche', 'ouija', 'ounce', 'ouphe', 'ousia', 'outie', 'outre', 'outta', 'ovary', 'ovate', 'overt', 'ovine', 'ovism', 'ovist', 'ovule', 'oware', 'owari', 'owche', 'oxeye', 'oxide', 'oxime', 'oxine', 'oxlip', 'oxman', 'oyama', 'ozeki', 'ozena', 'ozone', 'ozzie', 'qibla', 'qipao', 'quack', 'quaff', 'quail', 'quair', 'quake', 'quaky', 'quale', 'qualm', 'qualy', 'quank', 'quant', 'quare', 'quark', 'quarl', 'quart', 'quash', 'quasi', 'quate', 'quawk', 'quayd', 'quean', 'queck', 'quell', 'queme', 'quena', 'quern', 'query', 'queso', 'quest', 'quete', 'queue', 'queyn', 'queyu', 'quila', 'quina', 'quine', 'quipo', 'quipu', 'quire', 'quist', 'quite', 'quoad', 'quota', 'quote', 'quyte', 'reach', 'react', 'readd', 'ready', 'realm', 'realo', 'reame', 'reamy', 'reard', 'rearm', 'reast', 'reata', 'reate', 'reave', 'rebab', 'rebar', 'rebbe', 'rebid', 'rebit', 'rebop', 'rebud', 'rebut', 'rebuy', 'recal', 'recap', 'recce', 'recco', 'reccy', 'recit', 'recon', 'recta', 'recte', 'recti', 'recto', 'recue', 'recur', 'recut', 'redan', 'reddy', 'redia', 'redid', 'redif', 'redig', 'redip', 'redly', 'redon', 'redox', 'redry', 'redub', 'redug', 'redux', 'redye', 'reeaf', 'reech', 'reede', 'reedy', 'reefy', 'reeky', 'reely', 'reerd', 'reest', 'reeve', 'reeze', 'refan', 'reffo', 'refit', 'refix', 'refly', 'refry', 'regal', 'regar', 'reggo', 'regia', 'regie', 'regle', 'regma', 'regna', 'regot', 'regur', 'rehab', 'reify', 'reign', 'reiki', 'reine', 'reing', 'reink', 'reird', 'reist', 'reive', 'rejig', 'rejon', 'relax', 'relay', 'relic', 'relie', 'relit', 'rello', 'reman', 'remap', 'remit', 'remix', 'remou', 'renal', 'renay', 'rendu', 'renga', 'renig', 'renin', 'renne', 'rente', 'reoil', 'reorg', 'repat', 'repay', 'repin', 'repla', 'reply', 'repot', 'repro', 'repun', 'reput', 'resam', 'resat', 'resaw', 'resay', 'resid', 'resin', 'resit', 'resod', 'resol', 'resow', 'resto', 'resty', 'resue', 'retag', 'retam', 'retax', 'retch', 'retia', 'retie', 'retin', 'retip', 'retox', 'retro', 'retry', 'reune', 'reuse', 'revie', 'revow', 'revue', 'rewan', 'rewax', 'rewin', 'rewon', 'rewth', 'rhabd', 'rheid', 'rheme', 'rheum', 'rhime', 'rhine', 'rhone', 'rhyme', 'rhyne', 'rhyta', 'riant', 'riata', 'riato', 'riche', 'ridge', 'rieve', 'rifle', 'rifte', 'rikka', 'rikwa', 'rille', 'rimae', 'rince', 'ringe', 'rinse', 'rioja', 'rione', 'rishi', 'risky', 'rithe', 'rival', 'riyal', 'roach', 'roady', 'roake', 'roaky', 'roany', 'roary', 'roast', 'roate', 'roble', 'roche', 'rogan', 'rogue', 'rohan', 'roist', 'rojak', 'rolag', 'romal', 'roman', 'rompu', 'rompy', 'ronde', 'ronne', 'ronte', 'roopy', 'roosa', 'roose', 'roost', 'roque', 'rosal', 'rosco', 'rosha', 'roshi', 'rosin', 'rosit', 'rossa', 'rosso', 'rosti', 'rotal', 'rotan', 'rotta', 'rotte', 'rouge', 'roule', 'roupy', 'rouse', 'roust', 'route', 'rowan', 'rowie', 'rowme', 'royal', 'royne', 'royst', 'ruach', 'ruana', 'rubai', 'ruban', 'ruble', 'ruche', 'rudie', 'rueda', 'ruffe', 'rugae', 'rugal', 'ruice', 'rumal', 'rumba', 'rumpo', 'rumpy', 'runce', 'runup', 'ruote', 'rupia', 'rushy', 'rusky', 'rusma', 'russe', 'rusty', 'rybat', 'rymme', 'rypin', 'rythe', 'scaff', 'scail', 'scala', 'scald', 'scale', 'scall', 'scalp', 'scaly', 'scamp', 'scand', 'scant', 'scapa', 'scape', 'scapi', 'scare', 'scarf', 'scarp', 'scart', 'scary', 'scath', 'scatt', 'scaud', 'scaup', 'scaur', 'sceat', 'scena', 'scend', 'scene', 'scent', 'schav', 'schif', 'schmo', 'schul', 'schwa', 'scifi', 'scind', 'scion', 'scire', 'sclim', 'scobe', 'scody', 'scoff', 'scold', 'scone', 'scoog', 'scoop', 'scoot', 'scopa', 'scope', 'score', 'scorn', 'scorp', 'scote', 'scoug', 'scoup', 'scour', 'scout', 'scowl', 'scowp', 'scuba', 'scudi', 'scudo', 'scuff', 'scuft', 'sculk', 'scull', 'sculp', 'scurf', 'scuse', 'scuta', 'scute', 'scuzz', 'sdayn', 'sdein', 'seame', 'seamy', 'seare', 'sease', 'seaze', 'sebum', 'secco', 'sedan', 'sedge', 'sedgy', 'sedum', 'seedy', 'seeld', 'seely', 'seepy', 'segar', 'segni', 'segno', 'segol', 'segue', 'sehri', 'seine', 'seise', 'seism', 'seity', 'seiza', 'seize', 'selah', 'selfy', 'selky', 'sella', 'selle', 'selva', 'semie', 'sengi', 'senna', 'senor', 'sensa', 'sense', 'sensi', 'sensu', 'sente', 'senti', 'senvy', 'senza', 'sepad', 'sepal', 'sepia', 'sepic', 'sepoy', 'seppo', 'septa', 'sessa', 'setae', 'setal', 'seton', 'setup', 'sevak', 'sevir', 'sewan', 'sewar', 'sewin', 'sexor', 'sexto', 'shack', 'shade', 'shady', 'shaft', 'shaka', 'shake', 'shako', 'shakt', 'shaky', 'shale', 'shall', 'shalm', 'shalt', 'shaly', 'shama', 'shame', 'shand', 'shank', 'shape', 'shard', 'share', 'shark', 'sharn', 'sharp', 'shart', 'shash', 'shaul', 'shave', 'shawl', 'shawm', 'shawn', 'shaya', 'shchi', 'sheaf', 'sheal', 'shear', 'sheik', 'shelf', 'shell', 'shend', 'sheng', 'shent', 'sheol', 'sherd', 'shere', 'shero', 'sheva', 'shewn', 'shiai', 'shift', 'shill', 'shily', 'shine', 'shiny', 'shiok', 'shire', 'shirk', 'shirr', 'shirt', 'shish', 'shiso', 'shist', 'shite', 'shiur', 'shiva', 'shive', 'shlub', 'shmoe', 'shoal', 'shoat', 'shock', 'shogi', 'shoji', 'shojo', 'shola', 'shone', 'shonk', 'shook', 'shool', 'shoon', 'shoot', 'shope', 'shore', 'shorl', 'shorn', 'short', 'shote', 'shott', 'shoud', 'shout', 'shove', 'showd', 'shown', 'showy', 'shoyu', 'shtar', 'shtik', 'shtum', 'shtup', 'shuba', 'shuck', 'shule', 'shuln', 'shunt', 'shura', 'shush', 'shute', 'shyly', 'sibia', 'sibyl', 'sicht', 'sicko', 'sicky', 'sidha', 'sidhe', 'sidle', 'siege', 'sield', 'sient', 'sieth', 'sieur', 'sieve', 'sight', 'sigil', 'sigla', 'sigma', 'signa', 'sigri', 'silky', 'silly', 'silty', 'silva', 'simar', 'simba', 'simul', 'since', 'singe', 'sinky', 'sinsi', 'sippy', 'sisal', 'sissy', 'sista', 'sitar', 'sitch', 'sithe', 'sitka', 'situp', 'sixmo', 'sixte', 'sixth', 'sixty', 'sizar', 'skail', 'skald', 'skank', 'skarn', 'skart', 'skate', 'skatt', 'skean', 'skear', 'skegg', 'skein', 'skelf', 'skell', 'skelm', 'skelp', 'skene', 'skerm', 'skiff', 'skill', 'skimo', 'skimp', 'skink', 'skint', 'skirl', 'skirr', 'skirt', 'skite', 'skive', 'skivy', 'sklim', 'skoal', 'skobe', 'skody', 'skoff', 'skool', 'skort', 'skosh', 'skulk', 'skull', 'skunk', 'skyre', 'skyte', 'slack', 'slade', 'slaid', 'slain', 'slake', 'slane', 'slang', 'slank', 'slant', 'slart', 'slash', 'slate', 'slaty', 'slave', 'slept', 'slice', 'slick', 'slide', 'slily', 'slime', 'slimy', 'sling', 'slink', 'slipe', 'slipt', 'slish', 'slive', 'sloan', 'sloid', 'slojd', 'sloka', 'slomo', 'sloom', 'sloop', 'sloot', 'slope', 'slopy', 'slorm', 'slosh', 'sloth', 'slove', 'sloyd', 'slubb', 'sluff', 'sluit', 'slump', 'slung', 'slunk', 'slurb', 'slurp', 'sluse', 'slush', 'slyly', 'slype', 'smaak', 'smack', 'smaik', 'small', 'smalm', 'smalt', 'smarm', 'smart', 'smash', 'smaze', 'smear', 'smeik', 'smeke', 'smell', 'smelt', 'smerk', 'smick', 'smile', 'smily', 'smirk', 'smirr', 'smite', 'smith', 'smize', 'smock', 'smoke', 'smoko', 'smoky', 'smolt', 'smoor', 'smoot', 'smore', 'smorg', 'smote', 'smout', 'smowt', 'smush', 'snack', 'snafu', 'snail', 'snake', 'snaky', 'snare', 'snarf', 'snark', 'snarl', 'snary', 'snash', 'snath', 'snead', 'sneak', 'sneap', 'sneck', 'snell', 'snick', 'snide', 'sniff', 'snift', 'snipe', 'snipy', 'snirt', 'snive', 'snoke', 'snood', 'snook', 'snool', 'snoop', 'snoot', 'snore', 'snort', 'snout', 'snowk', 'snowy', 'snuck', 'snuff', 'snush', 'soapy', 'soare', 'soave', 'socia', 'socko', 'socle', 'soddy', 'sodic', 'sodom', 'sofar', 'softa', 'softy', 'soggy', 'sohur', 'soily', 'sokah', 'sokol', 'solah', 'solan', 'solar', 'solde', 'soldi', 'soldo', 'solid', 'solon', 'solum', 'solve', 'soman', 'sonar', 'sonce', 'sonde', 'songo', 'songy', 'sonic', 'sonly', 'sonne', 'sonny', 'sonse', 'sonsy', 'sooky', 'soole', 'soote', 'sooth', 'sooty', 'sophy', 'sopor', 'soppy', 'sopra', 'sotol', 'sotto', 'souce', 'souct', 'sough', 'souly', 'sound', 'soupy', 'souse', 'south', 'sowar', 'sowce', 'sowff', 'sowle', 'sownd', 'sowne', 'sowse', 'sowth', 'soyle', 'soyuz', 'sozin', 'space', 'spack', 'spacy', 'spade', 'spado', 'spahi', 'spail', 'spain', 'spait', 'spake', 'spald', 'spale', 'spall', 'spalt', 'spane', 'spang', 'spank', 'spard', 'spare', 'spark', 'spart', 'spasm', 'spate', 'spaul', 'spawl', 'spawn', 'spayd', 'spaza', 'spazz', 'speak', 'speal', 'spean', 'spear', 'speat', 'speck', 'spect', 'speil', 'speir', 'speld', 'spelk', 'spell', 'spelt', 'spend', 'spent', 'sperm', 'spesh', 'speug', 'spewy', 'spial', 'spica', 'spice', 'spick', 'spicy', 'spide', 'spiff', 'spike', 'spiky', 'spile', 'spill', 'spilt', 'spina', 'spine', 'spink', 'spiny', 'spire', 'spirt', 'spiry', 'spite', 'spitz', 'splat', 'splay', 'split', 'splog', 'spode', 'spoil', 'spoke', 'spoof', 'spook', 'spool', 'spoom', 'spoon', 'spoor', 'spoot', 'spore', 'spork', 'sport', 'sposa', 'sposh', 'sposo', 'spout', 'spule', 'spume', 'spumy', 'spunk', 'spurn', 'spurt', 'sputa', 'spyal', 'spyre', 'squab', 'squad', 'squat', 'squaw', 'squib', 'squid', 'squit', 'squiz', 'srsly', 'stack', 'stade', 'staff', 'stage', 'stagy', 'staid', 'staig', 'stain', 'stair', 'stake', 'stale', 'stalk', 'stall', 'stamp', 'stand', 'stane', 'stang', 'stank', 'staph', 'stare', 'stark', 'starn', 'starr', 'start', 'stary', 'stash', 'state', 'statu', 'staun', 'stave', 'stead', 'steak', 'steal', 'steam', 'stean', 'stear', 'stedd', 'stede', 'steik', 'steil', 'stein', 'stela', 'stele', 'stell', 'steme', 'stend', 'steno', 'stent', 'stept', 'stere', 'stern', 'stewy', 'stich', 'stick', 'stiff', 'stilb', 'stile', 'still', 'stilt', 'stime', 'stimy', 'sting', 'stink', 'stint', 'stipa', 'stipe', 'stire', 'stirk', 'stirp', 'stive', 'stivy', 'stoae', 'stoai', 'stoat', 'stock', 'stogy', 'stoic', 'stoit', 'stoke', 'stole', 'stoln', 'stoma', 'stomp', 'stond', 'stone', 'stong', 'stonk', 'stonn', 'stony', 'stood', 'stook', 'stool', 'stoop', 'stoor', 'stope', 'stopt', 'store', 'stork', 'storm', 'story', 'stott', 'stoun', 'stoup', 'stour', 'stout', 'stove', 'stown', 'stowp', 'stuck', 'stude', 'study', 'stuff', 'stull', 'stulm', 'stumm', 'stump', 'stung', 'stunk', 'stunt', 'stupa', 'stupe', 'sture', 'sturt', 'stush', 'style', 'styli', 'stylo', 'styme', 'stymy', 'styre', 'styte', 'suave', 'subah', 'subak', 'subby', 'subha', 'succi', 'sucky', 'sucre', 'sudan', 'sudor', 'sudsy', 'suede', 'suent', 'suete', 'suety', 'sugan', 'sugar', 'suhur', 'suing', 'suint', 'suite', 'sukuk', 'sulci', 'sulfa', 'sulfo', 'sulky', 'sully', 'sulph', 'sumac', 'summa', 'sumph', 'sunna', 'sunny', 'sunup', 'suona', 'supra', 'sushi', 'sutor', 'sutra', 'sutta', 'swack', 'swage', 'swail', 'swain', 'swale', 'swaly', 'swami', 'swamp', 'swamy', 'swang', 'swank', 'swapt', 'sward', 'sware', 'swarf', 'swarm', 'swart', 'swash', 'swath', 'swayl', 'sweal', 'swear', 'sweat', 'swede', 'sweir', 'swell', 'swelt', 'swept', 'swerf', 'swift', 'swile', 'swill', 'swine', 'swing', 'swink', 'swipe', 'swire', 'swirl', 'swish', 'swith', 'swive', 'swizz', 'swole', 'swoll', 'swoln', 'swoon', 'swoop', 'swopt', 'sword', 'swore', 'sworn', 'swoun', 'swung', 'sybbe', 'sybil', 'syboe', 'sybow', 'sycon', 'sylph', 'sylva', 'symar', 'synch', 'synod', 'synth', 'sysop', 'sythe', 'teach', 'teade', 'teary', 'tease', 'teaze', 'techy', 'tecta', 'tecum', 'teddy', 'teend', 'teene', 'teeny', 'teeth', 'tegua', 'teiid', 'teind', 'tekke', 'telae', 'telco', 'telia', 'telic', 'telly', 'teloi', 'tempi', 'tempo', 'tempt', 'temse', 'tench', 'tendu', 'tenge', 'tenia', 'tenne', 'tenno', 'tenny', 'tenon', 'tenor', 'tense', 'tenth', 'tenty', 'tenue', 'tepal', 'tepid', 'tepoy', 'tesla', 'testa', 'teste', 'testy', 'tetra', 'tetri', 'teuch', 'teugh', 'tewit', 'texta', 'thack', 'thagi', 'thaim', 'thale', 'thali', 'thana', 'thane', 'thang', 'thank', 'thanx', 'tharm', 'thawt', 'thawy', 'thebe', 'theca', 'theft', 'thegn', 'theic', 'thein', 'their', 'thelf', 'thema', 'theme', 'theor', 'theow', 'there', 'therm', 'these', 'thesp', 'theta', 'thete', 'thewy', 'thine', 'thole', 'thorp', 'those', 'thuja', 'thump', 'thuya', 'thyme', 'tiara', 'tiare', 'tibia', 'tical', 'ticca', 'tidal', 'tikia', 'tikka', 'tilak', 'tilde', 'tinge', 'tippy', 'tipsy', 'tipup', 'titan', 'titar', 'tithe', 'title', 'titre', 'titup', 'toady', 'toast', 'toaze', 'today', 'todde', 'togae', 'togue', 'toile', 'toise', 'tokay', 'tolan', 'tolar', 'toman', 'tomia', 'tomme', 'tonal', 'tonga', 'tonka', 'tonne', 'topaz', 'tophe', 'tophi', 'topic', 'topoi', 'toppy', 'toque', 'toshy', 'tossy', 'tosyl', 'total', 'touse', 'tousy', 'touze', 'towai', 'towie', 'towse', 'towsy', 'towze', 'tozie', 'trace', 'track', 'tract', 'trade', 'trady', 'traga', 'tragi', 'tragu', 'traik', 'trail', 'train', 'trait', 'tramp', 'trank', 'tranq', 'trant', 'trape', 'trapo', 'trapt', 'trash', 'tratt', 'trave', 'trawl', 'trayf', 'tread', 'treat', 'treck', 'trefa', 'treif', 'trema', 'trend', 'trest', 'treyf', 'triac', 'triad', 'trial', 'tribe', 'trice', 'tride', 'trifa', 'trike', 'trine', 'tripe', 'tripy', 'trist', 'trite', 'troad', 'troak', 'troat', 'trode', 'troke', 'tromp', 'trona', 'trone', 'troop', 'trope', 'tropo', 'trove', 'truce', 'trump', 'trust', 'tryke', 'tryma', 'tryst', 'tsade', 'tsadi', 'tsuba', 'tsubo', 'tuart', 'tuath', 'tubae', 'tubal', 'tubar', 'tuffe', 'tugra', 'tuile', 'tuina', 'tuism', 'tulip', 'tulle', 'tulpa', 'tulsi', 'tumpy', 'tupik', 'tuple', 'tuque', 'tushy', 'tusky', 'twain', 'twang', 'twank', 'tweak', 'twerk', 'twerp', 'twice', 'twine', 'twire', 'twirp', 'twist', 'twite', 'tynde', 'typal', 'typic', 'typto', 'tythe', 'ugali', 'uhlan', 'ukase', 'ulama', 'ulema', 'ulnad', 'ulnae', 'ulnar', 'ulpan', 'ultra', 'ulyie', 'ulzie', 'umami', 'umble', 'umbra', 'umbre', 'umiac', 'umiak', 'umiaq', 'ummah', 'umpie', 'umpty', 'unagi', 'unapt', 'unarm', 'unary', 'unbag', 'unban', 'unbar', 'uncap', 'uncia', 'uncle', 'undam', 'undue', 'uneth', 'ungag', 'unhat', 'unhip', 'unica', 'unite', 'unjam', 'unlap', 'unlaw', 'unlay', 'unmad', 'unman', 'unode', 'unpay', 'unpin', 'unply', 'unpot', 'unput', 'unsaw', 'unsay', 'unsod', 'unsub', 'untag', 'untax', 'untie', 'unzip', 'upbow', 'upbye', 'updry', 'upend', 'upful', 'uplay', 'uplit', 'uptak', 'uptie', 'urali', 'urare', 'urari', 'urase', 'urate', 'urban', 'urbia', 'ureal', 'uredo', 'ureic', 'ureid', 'urena', 'urent', 'urial', 'urine', 'urite', 'urman', 'urnal', 'ursae', 'ursid', 'urson', 'urupa', 'usage', 'useta', 'using', 'usnic', 'usque', 'ustad', 'usual', 'usure', 'usurp', 'usury', 'uteri', 'utero', 'utile', 'uveal', 'uvula', 'veale', 'vealy', 'veena', 'veery', 'vegan', 'veggo', 'vegie', 'vehme', 'veily', 'veiny', 'velar', 'veldt', 'velum', 'venae', 'venal', 'vendu', 'venge', 'venin', 'venom', 'venti', 'venue', 'vespa', 'vesta', 'vetch', 'veuve', 'vexil', 'vezir', 'viand', 'vicar', 'vieux', 'viewy', 'vifda', 'vigia', 'vilde', 'villa', 'ville', 'vinal', 'vinca', 'viola', 'visie', 'visit', 'visna', 'visne', 'vison', 'visor', 'vista', 'visto', 'vitae', 'vital', 'vitta', 'vivat', 'vivda', 'vivre', 'vlast', 'vobla', 'vocab', 'vocal', 'vodka', 'voema', 'vogie', 'vogue', 'voice', 'voila', 'voile', 'volae', 'volar', 'volke', 'volta', 'volte', 'volva', 'volve', 'vouge', 'vraic', 'vulva', 'vygie', 'weald', 'weamb', 'weary', 'weave', 'webby', 'wecht', 'wedge', 'wedgy', 'weedy', 'weeke', 'weeny', 'weepy', 'weest', 'weete', 'wefte', 'weigh', 'weird', 'weise', 'weize', 'welch', 'welke', 'welkt', 'welly', 'welsh', 'wench', 'wenge', 'wenny', 'wetly', 'whack', 'whale', 'whamo', 'whang', 'whare', 'wharf', 'whata', 'whaup', 'whaur', 'wheal', 'whear', 'wheat', 'wheft', 'whelk', 'whelm', 'whelp', 'where', 'while', 'whine', 'whipt', 'whish', 'whisk', 'whist', 'white', 'whole', 'whomp', 'whoop', 'whore', 'whose', 'whoso', 'whump', 'whyda', 'wicca', 'wield', 'wifie', 'wigan', 'wigga', 'wilga', 'wilja', 'wimpy', 'wince', 'winge', 'winna', 'winze', 'wisha', 'wisht', 'wispy', 'witan', 'withe', 'woady', 'woald', 'wodge', 'wokka', 'wolve', 'woman', 'wonga', 'woopy', 'woose', 'woosh', 'wowse', 'wrack', 'wrang', 'wrapt', 'wrast', 'wrate', 'wrath', 'wrawl', 'wreak', 'wreck', 'wrest', 'wrist', 'write', 'wroke', 'wrote', 'wunga', 'wushu', 'wussy', 'wuxia', 'wythe', 'xenia', 'xenic', 'xenon', 'xoana', 'xylan', 'xysti', 'ybore', 'yclad', 'yealm', 'yeard', 'yearn', 'yeast', 'yecch', 'yechy', 'yeesh', 'yenta', 'yente', 'yesty', 'yeuch', 'yeuky', 'yfere', 'yield', 'yince', 'yippy', 'yitie', 'ylide', 'ylike', 'yodle', 'yohah', 'yohay', 'yojan', 'yokan', 'yoppo', 'youse', 'yowie', 'yowsa', 'yowza', 'yrapt', 'yrent', 'ysame', 'ytost', 'yucca', 'yulan', 'yupon', 'yuppy', 'zebra', 'zebub', 'zeera', 'zendo', 'zesty', 'zhush', 'zigan', 'zilla', 'zinke', 'zippo', 'zippy', 'zlote', 'zoeae', 'zoeal', 'zoism', 'zoist', 'zolle', 'zonae', 'zonal', 'zonda', 'zoppa', 'zoppo', 'zowie', 'zupan', 'zuppa', 'zygal']
['becap', 'bedad', 'begad', 'began', 'begar', 'begat', 'bekah', 'belah', 'belar', 'belay', 'bemad', 'bepat', 'besat', 'besaw', 'bevan', 'bigae', 'bilal', 'bilat', 'bimah', 'binal', 'bleah', 'bleak', 'blear', 'bleat', 'bloat', 'bobac', 'bobak', 'bogan', 'bolar', 'booai', 'booay', 'bowat', 'boyar', 'boyau', 'bread', 'break', 'bream', 'briar', 'broad', 'bubal', 'bugan', 'bylaw', 'byway', 'cecal', 'cedar', 'cheap', 'cheat', 'chiao', 'cigar', 'cimar', 'cital', 'clean', 'clear', 'cleat', 'cloak', 'cloam', 'cohab', 'comae', 'comal', 'copal', 'copay', 'cotan', 'cowal', 'cowan', 'coxae', 'coxal', 'coyau', 'creak', 'cream', 'croak', 'cycad', 'cymae', 'cymar', 'debag', 'debar', 'decad', 'decaf', 'decal', 'decan', 'decay', 'dedal', 'defat', 'delay', 'deman', 'denar', 'denay', 'detag', 'dewan', 'dewar', 'dewax', 'dinar', 'dital', 'divan', 'diwan', 'dogal', 'dogan', 'domal', 'donah', 'dosai', 'dotal', 'douar', 'dowak', 'dowar', 'dread', 'dream', 'drear', 'dryad', 'ducal', 'ducat', 'dunam', 'eclat', 'eggar', 'ekdam', 'eliad', 'elvan', 'embar', 'embay', 'eniac', 'ephah', 'equal', 'escar', 'eskar', 'essay', 'ethal', 'eupad', 'exeat', 'expat', 'fecal', 'fedai', 'femal', 'fetal', 'feuar', 'filar', 'final', 'fleam', 'float', 'focal', 'fouat', 'freak', 'friar', 'fubar', 'fugal', 'genae', 'genal', 'geyan', 'gleam', 'glean', 'glial', 'gloam', 'gloat', 'goban', 'gobar', 'gonad', 'gopak', 'gowan', 'great', 'groan', 'groat', 'gulab', 'gulag', 'gular', 'gynae', 'heiau', 'hejab', 'hemal', 'hepar', 'hexad', 'hijab', 'hilar', 'hinau', 'hodad', 'hogan', 'honan', 'hopak', 'howay', 'human', 'ictal', 'iddah', 'iddat', 'ideal', 'iftar', 'ileac', 'ileal', 'iliac', 'iliad', 'ilial', 'imbar', 'ingan', 'inlay', 'invar', 'isnae', 'ixnay', 'izzat', 'jehad', 'jelab', 'jihad', 'joual', 'jowar', 'jugal', 'jumar', 'kebab', 'kebar', 'kenaf', 'kesar', 'khyal', 'kikay', 'kipah', 'kisan', 'kitab', 'knead', 'koban', 'kogal', 'kokam', 'kulak', 'kulan', 'kutai', 'leear', 'legal', 'leman', 'lepak', 'lidar', 'ligan', 'lilac', 'liman', 'limax', 'linac', 'litai', 'lobar', 'local', 'logan', 'lohan', 'lotah', 'lovat', 'lowan', 'loyal', 'lunar', 'medal', 'melam', 'menad', 'mesad', 'mesal', 'metal', 'mikan', 'minae', 'minar', 'misal', 'mmkay', 'mocap', 'modal', 'mogar', 'mohar', 'molal', 'molar', 'monad', 'monal', 'mudar', 'mulai', 'musar', 'muzak', 'mylar', 'mynah', 'nexal', 'nicad', 'nidal', 'nikab', 'nikah', 'nikau', 'niqab', 'nital', 'nival', 'nizam', 'nodal', 'nogal', 'nomad', 'nonan', 'nopal', 'notal', 'notam', 'novae', 'noway', 'noxal', 'noyau', 'nugae', 'occam', 'ocean', 'octad', 'octal', 'octan', 'offal', 'oflag', 'ogham', 'ollav', 'olpae', 'omdah', 'omiai', 'omlah', 'onlap', 'onlay', 'ontal', 'oojah', 'oopak', 'ooyah', 'opgaf', 'opsat', 'orbat', 'oread', 'organ', 'orval', 'oscar', 'oshac', 'ottar', 'oxman', 'qipao', 'quean', 'quoad', 'rebab', 'rebar', 'recal', 'recap', 'redan', 'reeaf', 'refan', 'regal', 'regar', 'rehab', 'relax', 'relay', 'reman', 'remap', 'renal', 'renay', 'repat', 'repay', 'resam', 'resat', 'resaw', 'resay', 'retag', 'retam', 'retax', 'rewan', 'rewax', 'rimae', 'rival', 'riyal', 'rogan', 'rohan', 'rojak', 'rolag', 'romal', 'roman', 'rosal', 'rotal', 'rotan', 'rowan', 'royal', 'rubai', 'ruban', 'rugae', 'rugal', 'rumal', 'rybat', 'sceat', 'schav', 'sedan', 'segar', 'selah', 'sepad', 'sepal', 'setae', 'setal', 'sevak', 'sewan', 'sewar', 'sheaf', 'sheal', 'shear', 'shiai', 'shoal', 'shoat', 'shtar', 'simar', 'sisal', 'sitar', 'sizar', 'skean', 'skear', 'skoal', 'sloan', 'smear', 'snead', 'sneak', 'sneap', 'sofar', 'sokah', 'solah', 'solan', 'solar', 'soman', 'sonar', 'sowar', 'speak', 'speal', 'spean', 'spear', 'speat', 'spial', 'splat', 'splay', 'spyal', 'squab', 'squad', 'squat', 'squaw', 'stead', 'steak', 'steal', 'steam', 'stean', 'stear', 'stoae', 'stoai', 'stoat', 'subah', 'subak', 'sudan', 'sugan', 'sugar', 'sumac', 'sweal', 'swear', 'sweat', 'symar', 'telae', 'tepal', 'tical', 'tidal', 'tilak', 'titan', 'titar', 'today', 'togae', 'tokay', 'tolan', 'tolar', 'toman', 'tonal', 'topaz', 'total', 'towai', 'tread', 'treat', 'triac', 'triad', 'trial', 'troad', 'troak', 'troat', 'tubae', 'tubal', 'tubar', 'tweak', 'typal', 'uhlan', 'ulnad', 'ulnae', 'ulnar', 'ulpan', 'umiac', 'umiak', 'umiaq', 'ummah', 'unbag', 'unban', 'unbar', 'uncap', 'undam', 'ungag', 'unhat', 'unjam', 'unlap', 'unlaw', 'unlay', 'unmad', 'unman', 'unpay', 'unsaw', 'unsay', 'untag', 'untax', 'uplay', 'uptak', 'urban', 'ureal', 'urial', 'urman', 'urnal', 'ursae', 'ustad', 'usual', 'uveal', 'vegan', 'velar', 'venae', 'venal', 'vicar', 'vinal', 'vitae', 'vital', 'vivat', 'vocab', 'vocal', 'volae', 'volar', 'wheal', 'whear', 'wheat', 'wigan', 'witan', 'woman', 'wreak', 'xylan', 'yclad', 'yohah', 'yohay', 'yojan', 'yokan', 'yulan', 'zigan', 'zoeae', 'zoeal', 'zonae', 'zonal', 'zupan', 'zygal']
['cheat', 'clean', 'clear', 'cleat', 'comae', 'copal', 'copay', 'coxae', 'creak', 'cream', 'cymae', 'dread', 'dream', 'drear', 'eclat', 'eggar', 'ekdam', 'eliad', 'elvan', 'embar', 'embay', 'eniac', 'ephah', 'equal', 'eskar', 'essay', 'ethal', 'eupad', 'exeat', 'expat', 'fleam', 'freak', 'gleam', 'glean', 'gopak', 'great', 'gynae', 'hopak', 'ideal', 'ileac', 'ileal', 'isnae', 'kipah', 'knead', 'minae', 'nopal', 'novae', 'nugae', 'ocean', 'olpae', 'oopak', 'opgaf', 'opsat', 'oread', 'qipao', 'quean', 'rimae', 'rugae', 'sceat', 'sheaf', 'sheal', 'shear', 'skean', 'skear', 'smear', 'snead', 'sneak', 'speak', 'speal', 'spean', 'spear', 'speat', 'spial', 'splat', 'splay', 'spyal', 'stead', 'steak', 'steal', 'steam', 'stean', 'stear', 'stoae', 'sweal', 'swear', 'sweat', 'togae', 'topaz', 'tread', 'treat', 'tubae', 'tweak', 'typal', 'ulnae', 'ulpan', 'unpay', 'uplay', 'uptak', 'ureal', 'ursae', 'uveal', 'vitae', 'volae', 'wheal', 'whear', 'wheat', 'wreak', 'zoeae', 'zoeal', 'zonae', 'zupan']
['dread', 'dream', 'drear', 'fleam', 'freak', 'gleam', 'glean', 'ideal', 'ileac', 'ileal', 'knead', 'ocean', 'oread', 'quean', 'skean', 'skear', 'smear', 'snead', 'sneak', 'speak', 'speal', 'spean', 'spear', 'stead', 'steak', 'steal', 'steam', 'stean', 'stear', 'sweal', 'swear', 'tread', 'tweak', 'ureal', 'uveal', 'wreak', 'zoeae', 'zoeal']
['fleam', 'gleam', 'glean', 'ideal', 'ileac', 'ileal', 'ocean', 'quean', 'skean', 'skear', 'smear', 'sneak', 'speak', 'speal', 'spean', 'spear', 'steak', 'steal', 'steam', 'stean', 'stear', 'sweal', 'swear', 'tweak', 'uveal', 'zoeae', 'zoeal']
['ideal', 'ocean', 'quean', 'skean', 'skear', 'smear', 'sneak', 'speak', 'speal', 'spean', 'spear', 'steak', 'steal', 'stean', 'stear', 'sweal', 'swear', 'tweak', 'uveal', 'zoeae', 'zoeal']
['ocean', 'quean', 'skean', 'skear', 'smear', 'sneak', 'speak', 'spean', 'spear', 'steak', 'stean', 'stear', 'swear', 'tweak', 'zoeae']
['skear', 'smear', 'sneak', 'speak', 'spear', 'steak', 'stear', 'swear', 'tweak', 'zoeae']
['sneak', 'speak', 'steak']
['speak', 'steak']
Number of tries to win: 11
